{
  "1": 0.0006727631226377409,
  "4": 0.00032220124314176615,
  "33": 0.00027807569399077183,
  "25": 0.0002563940358843323,
  "38": 0.00019538873708552207,
  "20": 0.00019389036506234228,
  "6": 0.0001849602454109598,
  "37": 0.00015997505086907637,
  "9": 0.00014849416416268366,
  "3": 0.000142867580946745,
  "11": 0.000142867580946745,
  "43": 0.00013956404451130112,
  "12": 0.0001354358333185423,
  "7": 0.00013393746129536252,
  "27": 0.00013393746129536252,
  "8": 0.00012245657458896978,
  "13": 0.00012245657458896978,
  "40": 0.00012245657458896978,
  "10": 0.00012245657458896978,
  "66": 0.00011352645493758727,
  "15": 9.747138004708636e-05,
  "24": 9.747138004708636e-05,
  "14": 7.706037368931113e-05,
  "28": 7.14337904733725e-05,
  "36": 7.14337904733725e-05,
  "57": 7.14337904733725e-05,
  "39": 7.14337904733725e-05,
  "62": 7.14337904733725e-05,
  "65": 7.14337904733725e-05,
  "44": 7.14337904733725e-05,
  "34": 7.14337904733725e-05,
  "31": 7.14337904733725e-05,
  "22": 7.14337904733725e-05,
  "21": 7.14337904733725e-05,
  "52": 7.14337904733725e-05,
  "47": 7.14337904733725e-05,
  "53": 7.14337904733725e-05,
  "0": 7.14337904733725e-05,
  "18": 7.14337904733725e-05,
  "54": 7.14337904733725e-05,
  "51": 7.14337904733725e-05,
  "16": 7.14337904733725e-05,
  "69": 7.14337904733725e-05,
  "42": 7.14337904733725e-05,
  "61": 5.102278411559727e-05,
  "23": 5.102278411559727e-05,
  "63": 5.102278411559727e-05,
  "2": 5.102278411559727e-05,
  "32": 5.102278411559727e-05,
  "5": 5.102278411559727e-05,
  "46": 3.6466081248276146e-05,
  "41": 3.6466081248276146e-05,
  "67": 3.6466081248276146e-05,
  "45": 3.6466081248276146e-05,
  "48": 3.6466081248276146e-05,
  "35": 3.6466081248276146e-05,
  "68": 3.6466081248276146e-05,
  "19": 3.6466081248276146e-05,
  "49": 3.6466081248276146e-05,
  "29": 3.6466081248276146e-05,
  "64": 2.603758957371386e-05,
  "59": 2.603758957371386e-05,
  "58": 2.603758957371386e-05,
  "55": 2.603758957371386e-05,
  "26": 2.603758957371386e-05,
  "50": 2.603758957371386e-05,
  "60": 2.603758957371386e-05,
  "17": 2.603758957371386e-05,
  "30": 2.603758957371386e-05,
  "56": 2.603758957371386e-05
}