{
  "1": 0.0006050330128213174,
  "4": 0.00030109462007942185,
  "33": 0.00024033818437590307,
  "25": 0.00023246760285173406,
  "20": 0.0001807773968107155,
  "38": 0.00017490500976213836,
  "6": 0.0001649051998286873,
  "37": 0.00014009780711784911,
  "3": 0.00013512480604609353,
  "11": 0.00013512480604609353,
  "9": 0.00013406019184145253,
  "7": 0.00011925260906406535,
  "27": 0.00011925260906406535,
  "43": 0.00011818799485942433,
  "12": 0.0001133802220154882,
  "8": 0.00011321499378766874,
  "13": 0.00011321499378766874,
  "40": 0.00011321499378766874,
  "10": 0.00011321499378766874,
  "66": 9.734279680564056e-05,
  "15": 8.840760107683054e-05,
  "24": 8.840760107683054e-05,
  "28": 6.756240302304677e-05,
  "36": 6.756240302304677e-05,
  "57": 6.756240302304677e-05,
  "39": 6.756240302304677e-05,
  "62": 6.756240302304677e-05,
  "65": 6.756240302304677e-05,
  "44": 6.756240302304677e-05,
  "34": 6.756240302304677e-05,
  "31": 6.756240302304677e-05,
  "22": 6.756240302304677e-05,
  "21": 6.756240302304677e-05,
  "52": 6.756240302304677e-05,
  "47": 6.756240302304677e-05,
  "53": 6.756240302304677e-05,
  "0": 6.756240302304677e-05,
  "18": 6.756240302304677e-05,
  "54": 6.756240302304677e-05,
  "51": 6.756240302304677e-05,
  "16": 6.756240302304677e-05,
  "69": 6.756240302304677e-05,
  "42": 6.756240302304677e-05,
  "14": 6.649778881840575e-05,
  "61": 4.565259076462197e-05,
  "23": 4.565259076462197e-05,
  "63": 4.565259076462197e-05,
  "2": 4.565259076462197e-05,
  "32": 4.565259076462197e-05,
  "5": 4.565259076462197e-05,
  "46": 3.084500798723481e-05,
  "41": 3.084500798723481e-05,
  "67": 3.084500798723481e-05,
  "45": 3.084500798723481e-05,
  "48": 3.084500798723481e-05,
  "35": 3.084500798723481e-05,
  "68": 3.084500798723481e-05,
  "19": 3.084500798723481e-05,
  "49": 3.084500798723481e-05,
  "29": 3.084500798723481e-05,
  "64": 2.0845198053783776e-05,
  "59": 2.0845198053783776e-05,
  "58": 2.0845198053783776e-05,
  "55": 2.0845198053783776e-05,
  "26": 2.0845198053783776e-05,
  "50": 2.0845198053783776e-05,
  "60": 2.0845198053783776e-05,
  "17": 2.0845198053783776e-05,
  "30": 2.0845198053783776e-05,
  "56": 2.0845198053783776e-05
}