{
  "1": 0.0010459226414168813,
  "33": 0.0004925591723586916,
  "4": 0.0004218226949517425,
  "25": 0.00038384458526783235,
  "38": 0.0003037041055593752,
  "6": 0.0002955741565454535,
  "37": 0.00027823347088121674,
  "43": 0.0002679147588713801,
  "12": 0.00026683397123498665,
  "20": 0.00025449257415729987,
  "9": 0.00022683317648322643,
  "7": 0.0002176224398329113,
  "27": 0.0002176224398329113,
  "66": 0.00020730372782307467,
  "3": 0.0001765408574447577,
  "11": 0.0001765408574447577,
  "8": 0.00016622214543492105,
  "13": 0.00016622214543492105,
  "40": 0.00016622214543492105,
  "10": 0.00016622214543492105,
  "15": 0.00014888145977068424,
  "24": 0.00014888145977068424,
  "14": 0.0001385627477608476,
  "28": 8.827042872237885e-05,
  "36": 8.827042872237885e-05,
  "57": 8.827042872237885e-05,
  "39": 8.827042872237885e-05,
  "62": 8.827042872237885e-05,
  "65": 8.827042872237885e-05,
  "44": 8.827042872237885e-05,
  "34": 8.827042872237885e-05,
  "31": 8.827042872237885e-05,
  "22": 8.827042872237885e-05,
  "21": 8.827042872237885e-05,
  "52": 8.827042872237885e-05,
  "47": 8.827042872237885e-05,
  "53": 8.827042872237885e-05,
  "0": 8.827042872237885e-05,
  "18": 8.827042872237885e-05,
  "54": 8.827042872237885e-05,
  "51": 8.827042872237885e-05,
  "16": 8.827042872237885e-05,
  "69": 8.827042872237885e-05,
  "42": 8.827042872237885e-05,
  "61": 7.79517167125422e-05,
  "23": 7.79517167125422e-05,
  "63": 7.79517167125422e-05,
  "2": 7.79517167125422e-05,
  "32": 7.79517167125422e-05,
  "5": 7.79517167125422e-05,
  "46": 6.874098006222708e-05,
  "41": 6.874098006222708e-05,
  "67": 6.874098006222708e-05,
  "45": 6.874098006222708e-05,
  "48": 6.874098006222708e-05,
  "35": 6.874098006222708e-05,
  "68": 6.874098006222708e-05,
  "19": 6.874098006222708e-05,
  "49": 6.874098006222708e-05,
  "29": 6.874098006222708e-05,
  "64": 6.0611031048305385e-05,
  "59": 6.0611031048305385e-05,
  "58": 6.0611031048305385e-05,
  "55": 6.0611031048305385e-05,
  "26": 6.0611031048305385e-05,
  "50": 6.0611031048305385e-05,
  "60": 6.0611031048305385e-05,
  "17": 6.0611031048305385e-05,
  "30": 6.0611031048305385e-05,
  "56": 6.0611031048305385e-05
}