{
  "1": 0.0008226589702930407,
  "4": 0.000365080482506136,
  "33": 0.0003633209663264896,
  "25": 0.00030838227011832913,
  "38": 0.0002398559158901845,
  "6": 0.00022942844504768956,
  "20": 0.00022027937651366897,
  "37": 0.00020589443005638246,
  "43": 0.0001893123313581326,
  "12": 0.00018663325805181534,
  "9": 0.000180163262824112,
  "7": 0.0001670567186752998,
  "27": 0.0001670567186752998,
  "3": 0.0001579076501412792,
  "11": 0.0001579076501412792,
  "66": 0.00015047461997704997,
  "8": 0.00014132555144302935,
  "13": 0.00014132555144302935,
  "40": 0.00014132555144302935,
  "10": 0.00014132555144302935,
  "15": 0.00011779153645172225,
  "24": 0.00011779153645172225,
  "14": 0.00010120943775347241,
  "28": 7.89538250706396e-05,
  "36": 7.89538250706396e-05,
  "57": 7.89538250706396e-05,
  "39": 7.89538250706396e-05,
  "62": 7.89538250706396e-05,
  "65": 7.89538250706396e-05,
  "44": 7.89538250706396e-05,
  "34": 7.89538250706396e-05,
  "31": 7.89538250706396e-05,
  "22": 7.89538250706396e-05,
  "21": 7.89538250706396e-05,
  "52": 7.89538250706396e-05,
  "47": 7.89538250706396e-05,
  "53": 7.89538250706396e-05,
  "0": 7.89538250706396e-05,
  "18": 7.89538250706396e-05,
  "54": 7.89538250706396e-05,
  "51": 7.89538250706396e-05,
  "16": 7.89538250706396e-05,
  "69": 7.89538250706396e-05,
  "42": 7.89538250706396e-05,
  "61": 6.237172637238976e-05,
  "23": 6.237172637238976e-05,
  "63": 6.237172637238976e-05,
  "2": 6.237172637238976e-05,
  "32": 6.237172637238976e-05,
  "5": 6.237172637238976e-05,
  "46": 4.926518222357756e-05,
  "41": 4.926518222357756e-05,
  "67": 4.926518222357756e-05,
  "45": 4.926518222357756e-05,
  "48": 4.926518222357756e-05,
  "35": 4.926518222357756e-05,
  "68": 4.926518222357756e-05,
  "19": 4.926518222357756e-05,
  "49": 4.926518222357756e-05,
  "29": 4.926518222357756e-05,
  "64": 3.883771138108265e-05,
  "59": 3.883771138108265e-05,
  "58": 3.883771138108265e-05,
  "55": 3.883771138108265e-05,
  "26": 3.883771138108265e-05,
  "50": 3.883771138108265e-05,
  "60": 3.883771138108265e-05,
  "17": 3.883771138108265e-05,
  "30": 3.883771138108265e-05,
  "56": 3.883771138108265e-05
}