{
  "detection": {
    "true positive": 69.0,
    "prec": 0.42073170731707316,
    "rec": 0.5073529411764706,
    "f1": 0.46,
    "acc": 0.5073529411764706
  }
}