{
  "detection": {
    "true positive": 68.0,
    "prec": 0.4171779141104294,
    "rec": 0.5074626865671642,
    "f1": 0.45791245791245794,
    "acc": 0.5
  }
}