{
  "33": 0.0007094882786012115,
  "22": 0.0005348052175768259,
  "38": 0.000525413021442212,
  "0": 0.0004930842347980579,
  "18": 0.00043569085581202007,
  "1": 0.00038952717095252717,
  "4": 0.00037189462245979866,
  "25": 0.0003618706288123397,
  "9": 0.00034487752586695827,
  "11": 0.00032285397267212184,
  "28": 0.00030704040552274534,
  "3": 0.00030341943052185176,
  "37": 0.0003022182642144768,
  "29": 0.00029265365810190325,
  "16": 0.00029154718082540903,
  "7": 0.00029089897869351094,
  "5": 0.00027646585257125073,
  "36": 0.00027550788872885855,
  "30": 0.0002720756918592058,
  "42": 0.0002673592870891345,
  "10": 0.0002673365438702982,
  "24": 0.0002574445237935997,
  "14": 0.0002474180946100457,
  "2": 0.00024261460072568444,
  "39": 0.00023408989068401937,
  "19": 0.00022639152521900983,
  "23": 0.00022002161933123288,
  "27": 0.00021856738394210074,
  "6": 0.0002150600259213093,
  "26": 0.0002122207319994243,
  "15": 0.00020726246274384877,
  "41": 0.00020579480273715125,
  "48": 0.00019960186507484435,
  "46": 0.00019920373014971072,
  "43": 0.00019762462778468947,
  "8": 0.0001770877152842565,
  "35": 0.00016919983091656323,
  "21": 0.00016563345498523362,
  "44": 0.00015364238012347055,
  "45": 0.00014757180889042628,
  "20": 0.00013964605458272853,
  "17": 0.00012111843467707449,
  "12": 0.00011045384615325896,
  "47": 0.00011030013187288938,
  "40": 9.999999999998899e-05,
  "32": 9.975679753500626e-05,
  "49": 9.928993880817687e-05,
  "31": 9.501764954609866e-05,
  "13": 9.451506778856369e-05,
  "34": 4.288348342975824e-05
}