{
  "33": 0.0011824919750810265,
  "0": 0.0007739986923700722,
  "38": 0.0007587201108663324,
  "22": 0.0007549426840906183,
  "9": 0.000725078790534786,
  "4": 0.0007174282598027963,
  "1": 0.0006996099065621987,
  "18": 0.0006465128787332943,
  "11": 0.0005796039160009741,
  "3": 0.0005679685613506546,
  "5": 0.0005360944068986003,
  "37": 0.0005291589978126144,
  "7": 0.0005142705685855945,
  "25": 0.0005090129697258061,
  "15": 0.00048342204656098186,
  "29": 0.00047852633679108163,
  "39": 0.00046422227696938176,
  "24": 0.0004619386103551104,
  "2": 0.000459813311789969,
  "27": 0.00045053451270449,
  "35": 0.00044193135488369134,
  "16": 0.00043779949567890184,
  "26": 0.00039239738618272247,
  "28": 0.0003884487522312814,
  "19": 0.0003842797881181692,
  "14": 0.00037372563270331974,
  "23": 0.0003666292093597731,
  "44": 0.0003653456464702909,
  "10": 0.0003637055962107292,
  "43": 0.00035757229659426245,
  "30": 0.000355671554677569,
  "42": 0.0003428635376322482,
  "36": 0.0003352787243826444,
  "8": 0.0003330155021086361,
  "6": 0.0003259657064945473,
  "17": 0.0003196817641931114,
  "41": 0.0003103962647563812,
  "20": 0.0002866773598650235,
  "13": 0.0002725417984091934,
  "31": 0.0002700401605110647,
  "46": 0.0002684486093523548,
  "21": 0.0002657913197655155,
  "32": 0.00026200611897790463,
  "45": 0.0002556907991448834,
  "47": 0.00023506201424655082,
  "48": 0.00023422430467616638,
  "12": 0.00021702718068810343,
  "49": 0.00016180926080471879,
  "40": 9.999999999998899e-05,
  "34": 8.602137550067096e-05
}