{
  "33": 0.00042619998246810653,
  "38": 0.0003903396477849469,
  "22": 0.0003854833628689339,
  "0": 0.00031464006268329815,
  "18": 0.00030641255222708903,
  "28": 0.0002546522617433135,
  "25": 0.00024216405953225294,
  "36": 0.0002387341368333823,
  "30": 0.0002266097750349991,
  "10": 0.00022189465895366555,
  "42": 0.00020811377694439012,
  "16": 0.00019511522664381612,
  "1": 0.00019511055754382713,
  "11": 0.00018704205324669856,
  "37": 0.00018544604471143708,
  "29": 0.00018440289783864,
  "4": 0.00017307007795810652,
  "7": 0.00017206505934938234,
  "48": 0.00017010926990411918,
  "14": 0.00016754299049314146,
  "3": 0.00014706597838127936,
  "41": 0.00014433345575390837,
  "46": 0.00014021853980826038,
  "6": 0.00013894060766716712,
  "9": 0.000131589615588839,
  "24": 0.0001312259052616684,
  "5": 0.00013071871105957642,
  "19": 0.00012242675951056763,
  "2": 0.00011921937935103287,
  "23": 0.00011647197898103354,
  "26": 0.00010741069506424129,
  "43": 0.00010273252262735999,
  "40": 9.999999999998899e-05,
  "39": 9.883093796505494e-05,
  "21": 9.312701934124615e-05,
  "8": 9.088689469611613e-05,
  "27": 8.639110514123199e-05,
  "15": 7.850989000501338e-05,
  "45": 7.2299214720354e-05,
  "20": 5.5832787462462896e-05,
  "49": 5.392263195020214e-05,
  "44": 5.20786019621905e-05,
  "35": 5.1492726072442744e-05,
  "12": 4.647644258870028e-05,
  "47": 4.172021836149875e-05,
  "17": 3.641922639041741e-05,
  "32": 3.0364640556340825e-05,
  "31": 2.5649524475007235e-05,
  "13": 2.4018526241069536e-05,
  "34": 1.7253430161258524e-05
}