{
  "33": 0.0004992454435962545,
  "22": 0.00042608472535679933,
  "38": 0.00042414228539973614,
  "0": 0.00036170421325458995,
  "18": 0.0003397447386566865,
  "25": 0.00027710908290436246,
  "28": 0.00026856343654045156,
  "36": 0.0002483445247912759,
  "1": 0.0002458704481203598,
  "30": 0.00023764611482649146,
  "10": 0.0002322680901483519,
  "42": 0.0002251794808248946,
  "4": 0.00022309020668252446,
  "16": 0.00022086481039151963,
  "11": 0.00022006107593200758,
  "37": 0.00021377467409243055,
  "29": 0.0002117453001460697,
  "7": 0.00020080070511540172,
  "14": 0.0001884668595441812,
  "3": 0.0001868968170438509,
  "9": 0.00018411964659577535,
  "48": 0.00017889041980199272,
  "5": 0.00016705284755513016,
  "24": 0.00016399073603934049,
  "6": 0.00015989317422432456,
  "41": 0.00015989258639853576,
  "46": 0.00015778083960400746,
  "19": 0.00015048454835552805,
  "2": 0.00015025734996473107,
  "23": 0.00014487949589686087,
  "26": 0.00013396373770585508,
  "39": 0.00013307248143125663,
  "43": 0.00012700423064530416,
  "27": 0.00011923824210761423,
  "21": 0.00011337186842999713,
  "8": 0.00011229210076883951,
  "15": 0.00010820733520033956,
  "40": 9.999999999998899e-05,
  "45": 9.273919734940832e-05,
  "35": 7.738028857481207e-05,
  "20": 7.668808398894587e-05,
  "44": 7.555080700301405e-05,
  "49": 6.650797277207752e-05,
  "12": 6.2769069867844e-05,
  "47": 5.849673206262788e-05,
  "17": 5.4948188956286324e-05,
  "32": 4.5586179812422866e-05,
  "31": 4.020815513428329e-05,
  "13": 3.866515485801073e-05,
  "34": 2.3727100705411626e-05
}