{
  "detection": {
    "true positive": 588.0,
    "prec": 1.0,
    "rec": 0.9623567921440261,
    "f1": 0.9808173477898249,
    "acc": 0.9623567921440261
  }
}