{
  "detection": {
    "true positive": 396.0,
    "prec": 1.0,
    "rec": 0.6481178396072013,
    "f1": 0.7864945382323734,
    "acc": 0.6481178396072013
  }
}