{
  "detection": {
    "true positive": 481.0,
    "prec": 0.950592885375494,
    "rec": 0.9196940726577438,
    "f1": 0.9348882410106901,
    "acc": 0.9196940726577438
  }
}