{
  "detection": {
    "true positive": 110.0,
    "prec": 0.7482993197278912,
    "rec": 0.8029197080291971,
    "f1": 0.7746478873239437,
    "acc": 0.8029197080291971
  }
}