{
  "detection": {
    "true positive": 317.0,
    "prec": 0.7620192307692307,
    "rec": 0.6061185468451242,
    "f1": 0.6751863684771032,
    "acc": 0.6061185468451242
  }
}